{
    "dataBinding": {
        "/webapp/view/Page1.view.xml": {
            "entitySet": ""
        }, 
        "/webapp/view/Page2.view.xml": {
            "entitySet": ""
        }, 
        "/webapp/view/Page3.view.xml": {
            "entitySet": ""
        }, 
        "/webapp/view/Page4.view.xml": {
            "entitySet": ""
        }, 
        "/webapp/view/Page5.view.xml": {
            "entitySet": ""
        }, 
        "/webapp/view/Page6.view.xml": {
            "entitySet": ""
        }, 
        "/webapp/view/Page7.view.xml": {
            "entitySet": ""
        }, 
        "/webapp/view/Page8.view.xml": {
            "entitySet": ""
        }, 
        "/webapp/view/Popover1.view.xml": {
            "entitySet": ""
        }, 
        "/webapp/view/Dialog1.view.xml": {
            "entitySet": ""
        }, 
        "/webapp/view/Dialog2.view.xml": {
            "entitySet": ""
        }, 
        "/webapp/view/QuickView1.view.xml": {
            "entitySet": ""
        }, 
        "/webapp/view/QuickView2.view.xml": {
            "entitySet": ""
        } 
    }
}